"","T_DIR","T_ID"
"T_DIR",36.5445232466509,14.3420015760441
"T_ID",13.4554767533491,35.6579984239559
