"","T_DIR","T_ID"
"T_DIR",33.1150793650794,14.9206349206349
"T_ID",16.8849206349206,35.0793650793651
