"","T_DIR","T_ID"
"T_DIR",43.7106918238994,3.35429769392034
"T_ID",6.28930817610063,46.6457023060797
