"","T_DIR","T_ID"
"T_DIR",35.8176100628931,15.251572327044
"T_ID",14.1823899371069,34.748427672956
