"","T_DIR","T_ID"
"T_DIR",36.8874592963228,13.8591057104281
"T_ID",13.1125407036772,36.1408942895719
