"","T_DIR","T_ID"
"T_DIR",40.9246031746032,9.38492063492063
"T_ID",9.07539682539683,40.6150793650794
