"","T_DIR","T_ID"
"T_DIR",39.4912985274431,10.3999330655957
"T_ID",10.5087014725569,39.6000669344043
