"","T_DIR","T_ID"
"T_DIR",34.7826086956522,18.5990338164251
"T_ID",15.2173913043478,31.4009661835749
