"","T_DIR","T_ID"
"T_DIR",42.3976608187134,7.90556638509855
"T_ID",7.60233918128655,42.0944336149014
