"","BEFORE","AFTER"
"BEFORE",33.3333333333333,16.6666666666667
"AFTER",16.6666666666667,33.3333333333333
