"","BEFORE","AFTER"
"BEFORE",37.7426372155288,12.6171352074967
"AFTER",12.2573627844712,37.3828647925033
