"","BEFORE","AFTER"
"BEFORE",37.6975617504567,14.3396076562624
"AFTER",12.3024382495433,35.6603923437376
