"","BEFORE","AFTER"
"BEFORE",34.781746031746,12.281746031746
"AFTER",15.218253968254,37.718253968254
