"","BEFORE","AFTER"
"BEFORE",35.8385744234801,15.1572327044025
"AFTER",14.1614255765199,34.8427672955975
