"","BEFORE","AFTER"
"BEFORE",35.5912698412698,14.4047619047619
"AFTER",14.4087301587302,35.5952380952381
