"","BEFORE","AFTER"
"BEFORE",36.2421383647799,12.5786163522013
"AFTER",13.7578616352201,37.4213836477987
