"","BEFORE","AFTER"
"BEFORE",37.188650638943,11.9233268356075
"AFTER",12.811349361057,38.0766731643925
