"","BEFORE","AFTER"
"BEFORE",34.801024428684,14.7458628841608
"AFTER",15.198975571316,35.2541371158392
