"","T_DIR","T_ID"
"T_DIR",35.2293577981651,15.1783893985729
"T_ID",14.7706422018349,34.8216106014271
