"","T_DIR","T_ID"
"T_DIR",32.8703703703704,19.3121693121693
"T_ID",17.1296296296296,30.6878306878307
