"","T_DIR","T_ID"
"T_DIR",41.5811965811966,10.2350427350427
"T_ID",8.41880341880342,39.7649572649573
