"","T_DIR","T_ID"
"T_DIR",32.1256038647343,23.6714975845411
"T_ID",17.8743961352657,26.3285024154589
