"","T_DIR","T_ID"
"T_DIR",44.2396313364055,4.42908346134153
"T_ID",5.76036866359447,45.5709165386585
