"","T_DIR","T_ID"
"T_DIR",38.7031408308004,11.3475177304965
"T_ID",11.2968591691996,38.6524822695035
