"","T_DIR","T_ID"
"T_DIR",34.9528495284953,16.0311603116031
"T_ID",15.0471504715047,33.9688396883969
