"","T_DIR","T_ID"
"T_DIR",41.1709401709402,9.8034188034188
"T_ID",8.82905982905983,40.1965811965812
