"","T_DIR","T_ID"
"T_DIR",38.3938393839384,11.6501650165017
"T_ID",11.6061606160616,38.3498349834984
