"","BEFORE","AFTER"
"BEFORE",33.8164251207729,17.6328502415459
"AFTER",16.1835748792271,32.3671497584541
