"","BEFORE","AFTER"
"BEFORE",36.6886688668867,15.8525852585259
"AFTER",13.3113311331133,34.1474147414741
