"","BEFORE","AFTER"
"BEFORE",37.8632478632479,13.2222222222222
"AFTER",12.1367521367521,36.7777777777778
