"","BEFORE","AFTER"
"BEFORE",38.0150287065181,13.9733198243837
"AFTER",11.9849712934819,36.0266801756163
