"","BEFORE","AFTER"
"BEFORE",37.7350427350427,11.9230769230769
"AFTER",12.2649572649573,38.0769230769231
