"","BEFORE","AFTER"
"BEFORE",36.78955453149,13.8760880696365
"AFTER",13.21044546851,36.1239119303635
