"","BEFORE","AFTER"
"BEFORE",34.0468909276249,13.6391437308869
"AFTER",15.9531090723751,36.3608562691131
