"","BEFORE","AFTER"
"BEFORE",37.1873718737187,14.0836408364084
"AFTER",12.8126281262813,35.9163591635916
