"","BEFORE","AFTER"
"BEFORE",35.6481481481482,14.484126984127
"AFTER",14.3518518518519,35.515873015873
